Date,VXX
2010-08-02,-0.05764391298611782
2010-08-03,0.011648446898001819
2010-08-04,-0.009685657056676567
2010-08-05,0.0072914938672488105
2010-08-06,0.0007703642516376785
2010-08-09,-0.01660152478686483
2010-08-10,0.005748980806545401
2010-08-11,0.08121277179756614
2010-08-12,0.015618557284482915
2010-08-13,0.02180950713008234
2010-08-16,-0.012856523308567458
2010-08-17,-0.03110840905676937
2010-08-18,-0.015275702537053792
2010-08-19,0.03119215664432229
2010-08-20,-0.00855331166751061
2010-08-23,-0.01734482247124347
2010-08-24,0.026264032377321334
2010-08-25,-0.020375574449512657
2010-08-26,0.011178410955044793
2010-08-27,-0.06046641594604729
2010-08-30,0.0303627303612648
2010-08-31,-0.017532210015043237
2010-09-01,-0.060144980400650416
2010-09-02,-0.024356519793013676
2010-09-03,-0.04839522545597963
2010-09-07,0.02950064200428959
2010-09-08,-0.025825912557182473
2010-09-09,-0.009545168364677559
2010-09-10,-0.02128315955426796
2010-09-13,-0.0490880727694708
2010-09-14,3.870777948833393e-06
2010-09-15,-0.019451287679678075
2010-09-16,-0.003554946277462445
2010-09-17,-0.001181646554785476
2010-09-20,-0.02638719268697487
2010-09-21,0.0037097636743139706
2010-09-22,0.01797549912570684
2010-09-23,0.03086622016117979
2010-09-24,-0.05459056286727826
2010-09-27,0.004703578245197404
2010-09-28,-0.0012559916874300692
2010-09-29,0.015702775848406514
2010-09-30,0.02546794748989667
2010-10-01,-0.01986856535685122
2010-10-04,0.014199913374429052
2010-10-05,-0.04854814488660275
2010-10-06,-0.012063391971634418
2010-10-07,-0.006735437748232709
2010-10-08,-0.039212047572836806
2010-10-11,-0.024898068804405038
2010-10-12,-0.03315331582268799
2010-10-13,-0.02379598866773014
2010-10-14,0.029891945330928094
2010-10-15,-0.008538728465824375
2010-10-18,-0.032675739108759316
2010-10-19,0.024699411619838685
2010-10-20,-0.0524073852728949
2010-10-21,-0.025961590192609685
2010-10-22,-0.039519898034727
2010-10-25,-0.00765374048900247
2010-10-26,0.01860843827323122
2010-10-27,0.018732230269413952
2010-10-28,-0.0017696988696170868
2010-10-29,-0.0007691222791594843
2010-11-01,-0.006143129217902499
2010-11-02,-0.022201687458903385
2010-11-03,-0.05809708798029345
2010-11-04,-0.06260729845366875
2010-11-05,-0.0004962425392264214
2010-11-08,0.005853083168751327
2010-11-09,0.00467310873540816
2010-11-10,-0.010337468791343452
2010-11-11,0.008805838743386474
2010-11-12,0.059323084552442396
2010-11-15,-0.014948571616295592
2010-11-16,0.04270087294374636
2010-11-17,-0.021926387628387944
2010-11-18,-0.0684525117342345
2010-11-19,-0.01207760736229968
2010-11-22,-0.033142950418825645
2010-11-23,0.04581164835682294
2010-11-24,-0.04283243373837997
2010-11-26,0.0640947828800631
2010-11-29,0.009710428467534449
2010-11-30,0.0712212181480838
2010-12-01,-0.04989141795638474
2010-12-02,-0.08337394601564652
2010-12-03,-0.038640981176565004
2010-12-06,-0.0242568489909053
2010-12-07,-0.004013356704923199
2010-12-08,-0.02981287623686868
2010-12-09,-0.019604351864304426
2010-12-10,-0.004276333584932845
2010-12-13,0.012854345019571944
2010-12-14,0.010736503857682766
2010-12-15,0.017429470570433425
2010-12-16,-0.017468699662064324
2010-12-17,-0.015746712719665545
2010-12-20,-0.030984640279454467
2010-12-21,-0.0196253711730493
2010-12-22,3.3796320391132895e-06
2010-12-23,0.029985345965003463
2010-12-27,0.0277382207061474
2010-12-28,0.005246838296236511
2010-12-29,-0.011718836843987446
2010-12-30,-0.007243610261631228
2010-12-31,-0.014534657875518553
2011-01-03,-0.016701551900161205
2011-01-04,-0.006592450651828785
2011-01-05,-0.01856010545820186
2011-01-06,-0.002501971904726341
2011-01-07,0.004026523806710314
2011-01-10,-0.0008108335574245062
2011-01-11,-0.030849689852726292
2011-01-12,-0.04784115599992933
2011-01-13,-0.006998046038683037
2011-01-14,-0.046100072566174544
2011-01-18,-0.029462481677025254
2011-01-19,0.050424726569405554
2011-01-20,-0.005165750505470412
2011-01-21,0.010338027146301165
2011-01-24,-0.023458549579333354
2011-01-25,-0.010616625510279198
2011-01-26,-0.03401884334824734
2011-01-27,-0.01729345543883687
2011-01-28,0.10193458893632212
2011-01-31,-0.013052799762758971
2011-02-01,-0.05149899433393024
2011-02-02,0.0013358417742694861
2011-02-03,-0.01416782680628692
2011-02-04,-0.02567784399764228
2011-02-07,-0.01994447777346464
2011-02-08,-0.011384436269361697
2011-02-09,0.0021038245205691197
2011-02-10,0.0027865180985215954
2011-02-11,-0.014230434662542812
2011-02-14,-0.010878110188795587
2011-02-15,0.011392481245596775
2011-02-16,0.013854420078057927
2011-02-17,0.00860542115638907
2011-02-18,0.008078443051255269
2011-02-22,0.1294264258706841
2011-02-23,0.050293736527054156
2011-02-24,-0.015553648781234886
2011-02-25,-0.07006716229664656
2011-02-28,-0.044495273354351106
2011-03-01,0.08886892680049452
2011-03-02,-0.004660605300151888
2011-03-03,-0.0532111961592463
2011-03-04,0.020118014843942378
2011-03-07,0.03756129433630173
2011-03-08,-0.021475796227762523
2011-03-09,0.02140364625632496
2011-03-10,0.04450741802861691
2011-03-11,-0.030814877670578222
2011-03-14,0.01210706210546153
2011-03-15,0.05578085174464564
2011-03-16,0.061836190391255874
2011-03-17,-0.030105746088654683
2011-03-18,-0.032931117765092166
2011-03-21,-0.07277107793173543
2011-03-22,-0.004234804160112349
2011-03-23,-0.04295319404287823
2011-03-24,-0.026485562577732713
2011-03-25,-0.0071058790618093726
2011-03-28,0.026488433577842807
2011-03-29,-0.03199740841896792
2011-03-30,-0.01538921864477616
2011-03-31,0.0036232217708078718
2011-04-01,-0.012485350483173452
2011-04-04,-0.01633024376687775
2011-04-05,-0.00623334111892726
2011-04-06,-0.004099249536630989
2011-04-07,0.0074878030369418536
2011-04-08,0.014399257301465518
2011-04-11,-0.010647844325153977
2011-04-12,0.013128255998846594
2011-04-13,-0.01773263495978472
2011-04-14,-0.011585635054220389
2011-04-15,-0.02907327729098408
2011-04-18,0.0283292151489285
2011-04-19,-0.05516658671762442
2011-04-20,-0.049737270909665954
2011-04-21,-0.01397292028973518
2011-04-25,-0.024536098957659958
2011-04-26,-0.010649158539410952
2011-04-27,-0.018731540494326127
2011-04-28,-0.015822824387701884
2011-04-29,-0.002893093216480014
2011-05-02,0.02965422170677967
2011-05-03,0.027489200707987882
2011-05-04,0.01224704088403561
2011-05-05,0.0158247211558582
2011-05-06,-0.01084430976378381
2011-05-09,-0.03677132434801145
2011-05-10,-0.037884074097982334
2011-05-11,0.026772725239568862
2011-05-12,-0.01922173346181011
2011-05-13,0.020084920974846376
2011-05-16,0.023029784040050627
2011-05-17,-0.018148726528717796
2011-05-18,-0.03475861869660091
2011-05-19,-0.021324736287765655
2011-05-20,0.02240342109690996
2011-05-23,0.025518104399919972
2011-05-24,-0.012100295317231446
2011-05-25,-0.017227230247016445
2011-05-26,-0.02778034178310229
2011-05-27,-0.0182674463662168
2011-05-31,-0.0295095313919701
2011-06-01,0.06918531221394386
2011-06-02,-0.009380767475960061
2011-06-03,0.006475341954724101
2011-06-06,0.011564105295423177
2011-06-07,-0.012339881866369584
2011-06-08,0.0132828232826383
2011-06-09,-0.030631352228876585
2011-06-10,0.0365304036055234
2011-06-13,0.021836510945504317
2011-06-14,-0.0414952946552849
2011-06-15,0.0911471317614636
2011-06-16,0.047805454567270145
2011-06-17,-0.021989127105227824
2011-06-20,-0.04559637968784758
2011-06-21,-0.023094546558667384
2011-06-22,0.016873822029526142
2011-06-23,-0.020121705857956362
2011-06-24,0.053101713517516025
2011-06-27,-0.02277861164162598
2011-06-28,-0.0475896943935582
2011-06-29,-0.04736697727448058
2011-06-30,-0.03749859395739141
2011-07-01,-0.04252275667507721
2011-07-05,0.004647887152033903
2011-07-06,0.015369849533170221
2011-07-07,-0.027872967708278518
2011-07-08,0.021925975523748198
2011-07-11,0.08187166902532295
2011-07-12,0.025114361130686103
2011-07-13,0.005125921742813233
2011-07-14,0.031211305954426116
2011-07-15,-0.022093068333862487
2011-07-18,0.04044010110025287
2011-07-19,-0.06079551013052553
2011-07-20,-0.02025244562178319
2011-07-21,-0.051330230413611955
2011-07-22,-0.0056694585348590065
2011-07-25,0.05379324090573667
2011-07-26,0.01637740420338729
2011-07-27,0.075331502697769
2011-07-28,0.0009353197547155023
2011-07-29,-0.01734693562512668
2011-08-01,-0.020847406327532347
2011-08-02,0.07310866935419158
2011-08-03,-0.010154601515615092
2011-08-04,0.21353115141360246
2011-08-05,0.03243140531664279
2011-08-08,0.1905904308158206
2011-08-09,-0.16118834739112387
2011-08-10,0.14573681215963563
2011-08-11,-0.034767253683370525
2011-08-12,0.005127354282279617
2011-08-15,-0.046381377946257185
2011-08-16,0.009918917687787632
2011-08-17,0.039034914620990735
2011-08-18,0.19226564585713368
2011-08-19,0.0574708040159837
2011-08-22,0.03135906696919921
2011-08-23,-0.054210582834289034
2011-08-24,-0.019433616615230354
2011-08-25,0.029523567258057826
2011-08-26,-0.022139679513104138
2011-08-29,-0.060604688138772955
2011-08-30,0.027491775178484668
2011-08-31,-0.020249286579545722
2011-09-01,0.016136848440163387
2011-09-02,0.058870479611428994
2011-09-06,0.030335030066199975
2011-09-07,-0.05174815952541867
2011-09-08,0.02678103632869311
2011-09-09,0.08847389091639402
2011-09-12,0.007877174858692326
2011-09-13,-0.0010452034527902443
2011-09-14,-0.03552668590205288
2011-09-15,-0.04993899168640892
2011-09-16,-0.023175594869532024
2011-09-19,0.0402729063165681
2011-09-20,-0.004590911665572794
2011-09-21,0.08497755746857205
2011-09-22,0.07741975472804641
2011-09-23,0.01332656097726459
2011-09-26,-0.039875081337363394
2011-09-27,-0.01840768915097102
2011-09-28,0.0681432618994049
2011-09-29,-0.021336991525648386
2011-09-30,0.08452446798502922
2011-10-03,0.07081142672372476
2011-10-04,-0.0799530087345226
2011-10-05,-0.05259741906041637
2011-10-06,-0.013147715473744825
2011-10-07,0.0019090442945606245
2011-10-10,-0.07182674970670899
2011-10-11,-0.004857508832798119
2011-10-12,-0.062221428990032024
2011-10-13,-0.00727587360761639
2011-10-14,-0.06143262481157641
2011-10-17,0.12538421155003476
2011-10-18,-0.05921927004799854
2011-10-19,0.09193651400641434
2011-10-20,0.007041064967669097
2011-10-21,-0.07105851668351348
2011-10-24,-0.05564153435797514
2011-10-25,0.08116348517792793
2011-10-26,-0.05296112374106199
2011-10-27,-0.1338422813215544
2011-10-28,-0.002109733045393525
2011-10-31,0.1263011329216479
2011-11-01,0.12250342300426564
2011-11-02,-0.03220825178377429
2011-11-03,-0.045172057511658203
2011-11-04,0.018042259514973402
2011-11-07,-0.005592520769181375
2011-11-08,-0.054385985926378444
2011-11-09,0.20052730660448193
2011-11-10,-0.06343600603927535
2011-11-11,-0.04442857694651625
2011-11-14,0.01863486543856463
2011-11-15,-0.00162200235446619
2011-11-16,0.06351764109035618
2011-11-17,0.03358660231648214
2011-11-18,-0.04015722802985866
2011-11-21,0.0184483214172666
2011-11-22,-0.018834396327852665
2011-11-23,0.039210778880172104
2011-11-25,0.02392417059701102
2011-11-28,-0.0667686879845295
2011-11-29,-0.01842331711452927
2011-11-30,-0.08542921955734317
2011-12-01,-0.019548498578045526
2011-12-02,-0.005831775297833852
2011-12-05,-0.0034641545269613605
2011-12-06,0.009467178693677969
2011-12-07,0.02013446135194541
2011-12-08,0.050879284124737856
2011-12-09,-0.08532067750547279
2011-12-12,0.017539583638762624
2011-12-13,-0.009329714549516033
2011-12-14,0.005401124219191367
2011-12-15,-0.03800678068258867
2011-12-16,-0.0026233234569726926
2011-12-19,-0.017469281604141074
2011-12-20,-0.06367549810718298
2011-12-21,-0.07721317766466962
2011-12-22,0.023334302697718856
2011-12-23,0.022870199973245242
2011-12-27,-0.009338573114099469
2011-12-28,0.04556453655859727
2011-12-29,-0.025772502823836918
2011-12-30,0.02664484676445933
2012-01-03,-0.0622438973794881
2012-01-04,-0.02188086679376544
2012-01-05,-0.017089101987070254
2012-01-06,-0.023840862112942673
2012-01-09,-0.009710634866482826
2012-01-10,-0.021036708539644566
2012-01-11,0.02242691517745743
2012-01-12,-0.019290204940827005
2012-01-13,0.014851133716037745
2012-01-17,-0.006123421004646579
2012-01-18,-0.03131501885670418
2012-01-19,-0.027696095639126117
2012-01-20,-0.02990985817103453
2012-01-23,-0.02380410407230804
2012-01-24,-0.005979327698012127
2012-01-25,-0.029359349663111378
2012-01-26,-0.0009437377897606458
2012-01-27,-0.01799854488460717
2012-01-30,0.022415984548968648
2012-01-31,0.009289431759779365
2012-02-01,-0.04008975195674336
2012-02-02,-0.03323763919147904
2012-02-03,-0.04689618206822088
2012-02-06,-0.008906654078239762
2012-02-07,0.011755496442701574
2012-02-08,0.03266558456843316
2012-02-09,0.04457539503207042
2012-02-10,0.0749186440356353
2012-02-13,-0.0742337650874908
2012-02-14,0.02527005253272563
2012-02-15,0.0801804021852841
2012-02-16,-0.058795677337876495
2012-02-17,-0.00743984736147929
2012-02-21,1.1058195597213327e-05
2012-02-22,-0.03154223262500222
2012-02-23,-0.06601925303843847
2012-02-24,0.04518688465801657
2012-02-27,0.014521571815401257
2012-02-28,-0.028082665590592137
2012-02-29,0.0034045380000415904
2012-03-01,-0.03801149714049268
2012-03-02,0.017316775427773212
2012-03-05,-0.00679309938682926
2012-03-06,0.08939878148777702
2012-03-07,-0.06456925145257553
2012-03-08,-0.03494576866269161
2012-03-09,-0.024922702724986534
2012-03-12,-0.05017556320803962
2012-03-13,-0.03614180299501357
2012-03-14,0.0514484228464156
2012-03-15,-0.01948258009401449
2012-03-16,-0.011515530231766435
2012-03-19,-0.07171641072409762
2012-03-20,-0.043315571979858025
2012-03-21,-0.052353008712957116
2012-03-22,0.0141239629481551
2012-03-23,-0.0725021670075916
2012-03-26,-0.08447827754592652
2012-03-27,0.11393519119208007
2012-03-28,0.004215661096773626
2012-03-29,-0.023153084539223157
2012-03-30,-0.02177772500525743
2012-04-02,0.0029760424923295226
2012-04-03,0.019286148588059104
2012-04-04,0.035321919846192484
2012-04-05,0.027725119793077235
2012-04-09,0.053540266787126756
2012-04-10,0.06444940138176047
2012-04-11,-0.016879599780853072
2012-04-12,-0.1082380256151051
2012-04-13,0.08662780441979434
2012-04-16,-0.015036770812884237
2012-04-17,-0.06643388360591429
2012-04-18,0.03007780157519102
2012-04-19,-0.006899318836747992
2012-04-20,-0.03324325409035567
2012-04-23,0.043067027749601916
2012-04-24,-0.039540279902303466
2012-04-25,-0.05675183263140604
2012-04-26,-0.027826550471317435
2012-04-27,-0.001061953301168428
2012-04-30,0.02012316674859682
2012-05-01,-0.023225047338476412
2012-05-02,-0.0013120479903874216
2012-05-03,0.03495966251068294
2012-05-04,0.05138776842854287
2012-05-07,-0.029477747559187417
2012-05-08,0.00809116514786945
2012-05-09,0.0424013481892247
2012-05-10,-0.04772776304614379
2012-05-11,0.036366086996421076
2012-05-14,0.06737413008287563
2012-05-15,0.0370437582472849
2012-05-16,0.020922599257040986
2012-05-17,0.07270352100863997
2012-05-18,0.07447104772383306
2012-05-21,-0.13277884886049196
2012-05-22,0.02821481721918384
2012-05-23,-0.005932455774614209
2012-05-24,-0.01984972497513393
2012-05-25,0.009762735571080317
2012-05-29,-0.058500455871295376
2012-05-30,0.10454283568422884
2012-05-31,0.01383801431189502
2012-06-01,0.06660687153962486
2012-06-04,-0.026355883021139226
2012-06-05,-0.043746841378303425
2012-06-06,-0.07497062605815585
2012-06-07,-0.01036650314295573
2012-06-08,-0.05770396871115424
2012-06-11,0.1135801178151905
2012-06-12,-0.03517790605982174
2012-06-13,0.05027607419376978
2012-06-14,-0.06458541986700839
2012-06-15,-0.05839244549720901
2012-06-18,-0.08112143733898047
2012-06-19,0.0033659753181383145
2012-06-20,-0.06620854924932928
2012-06-21,0.1388212143193992
2012-06-22,-0.06092269340406564
2012-06-25,0.025287544920882032
2012-06-26,-0.029277702364792435
2012-06-27,-0.0022432878002827117
2012-06-28,-0.015680784142476978
2012-06-29,-0.07404898329903609
2012-07-02,-0.06603582707052924
2012-07-03,-0.02327193572314923
2012-07-05,0.04677984868056817
2012-07-06,-0.020244431637115534
2012-07-09,-0.0003910054896478776
2012-07-10,0.03767755737134593
2012-07-11,-0.03879641058144567
2012-07-12,0.008030818352189772
2012-07-13,-0.060112788944204576
2012-07-16,-0.0031520839285845703
2012-07-17,-0.03879713449465061
2012-07-18,0.005394236080978443
2012-07-19,-0.024025948099997474
2012-07-20,0.051102981283214
2012-07-23,0.08334985886883794
2012-07-24,0.04876638462249061
2012-07-25,-0.033902728660724635
2012-07-26,-0.08653573406453885
2012-07-27,-0.02372405787671983
2012-07-30,0.04176062191273
2012-07-31,0.019873362969209385
2012-08-01,-0.011647115218410109
2012-08-02,-0.04141477337266264
2012-08-03,-0.07140989687076205
2012-08-06,-0.020488275197135142
2012-08-07,0.0412112113354095
2012-08-08,-0.04342904127218672
2012-08-09,-0.013775734775061999
2012-08-10,-0.007338808317316259
2012-08-13,-0.02062253591023122
2012-08-14,0.04042667913962572
2012-08-15,-0.002160393616224221
2012-08-16,-0.013904011013078033
2012-08-17,-0.031504090836019794
2012-08-20,0.0005656627426999794
2012-08-21,0.027066612242403254
2012-08-22,0.01333605367575652
2012-08-23,0.01583040410734826
2012-08-24,-0.03648999075052872
2012-08-27,0.01193971003561356
2012-08-28,0.009808364213869769
2012-08-29,0.01272851564957378
2012-08-30,0.020109658930908214
2012-08-31,-0.03739465436890055
2012-09-04,-0.01823967139070637
2012-09-05,-0.02303738689106971
2012-09-06,-0.09935695206269979
2012-09-07,-0.05707994952046891
2012-09-10,0.06893061376644827
2012-09-11,-0.005877737252793613
2012-09-12,-0.04265664929705448
2012-09-13,-0.06371874180931714
2012-09-14,0.05505290307851607
2012-09-17,-0.030623942214310862
2012-09-18,-0.03612760925313252
2012-09-19,-0.012304595958203546
2012-09-20,0.02169732056374518
2012-09-21,-0.01991694442926606
2012-09-24,-0.01055668608702931
2012-09-25,0.07081418706665588
2012-09-26,0.03367203574003241
2012-09-27,-0.08289383927753291
2012-09-28,0.01799288943656685
2012-10-01,0.02521319985168713
2012-10-02,-0.019931390277630134
2012-10-03,-0.01012902087940415
2012-10-04,-0.027967830005591887
2012-10-05,-0.006562157192851803
2012-10-08,0.008975763734735187
2012-10-09,0.04100505283532718
2012-10-10,0.004942989414057131
2012-10-11,-0.03301348938275861
2012-10-12,0.02594473429521771
2012-10-15,-0.04813215469733079
2012-10-16,-0.02283387204715992
2012-10-17,-0.01790590655937896
2012-10-18,0.01479599861120584
2012-10-19,0.05342589532969355
2012-10-22,-0.015131620951645885
2012-10-23,0.1013675772574043
2012-10-24,-0.021827143559086104
2012-10-25,-0.020705190425484576
2012-10-26,-0.0019449171673671106
2012-10-31,0.03620633811676721
2012-11-01,-0.09649528424957443
2012-11-02,0.04626407779204178
2012-11-05,0.01647838134745605
2012-11-06,-0.049058511038702624
2012-11-07,0.08823745603817756
2012-11-08,-0.013179122275132737
2012-11-09,0.012394235680024401
2012-11-12,-0.06831408199458089
2012-11-13,-0.008306097557571834
2012-11-14,0.045683407680508825
2012-11-15,0.00840001399553758
2012-11-16,-0.05215817737303419
2012-11-19,-0.08802509531828151
2012-11-20,-0.011841317087931347
2012-11-21,0.0030497045598707473
2012-11-23,-0.02146059120206112
2012-11-26,-0.030364385358368384
2012-11-27,0.032625254448749086
2012-11-28,-0.03748287056025579
2012-11-29,-0.016473533997516054
2012-11-30,0.015990407770511972
2012-12-03,0.04582449041659231
2012-12-04,0.008389070817159894
2012-12-05,-0.027443592524559635
2012-12-06,0.01790416517599569
2012-12-07,-0.023355223578136686
2012-12-10,-0.0075184313420351145
2012-12-11,-0.031003877526353696
2012-12-12,0.0383808894522506
2012-12-13,0.015547843138528084
2012-12-14,-0.005038266529414304
2012-12-17,-0.04046846383703384
2012-12-18,-0.02219096890853378
2012-12-19,0.058823730856688794
2012-12-20,0.022847162701942203
2012-12-21,0.04047127421746799
2012-12-24,0.0218600325788334
2012-12-26,0.04244871981703602
2012-12-27,-0.016937982505691562
2012-12-28,0.1571201792342496
2012-12-31,-0.18847954815069334
2013-01-02,-0.1076871250776501
2013-01-03,0.015457722453701361
2013-01-04,-0.024602129706056908
2013-01-07,-0.022687456508131976
2013-01-08,-0.002096713598225386
2013-01-09,-0.0013911846223900737
2013-01-10,-0.021496457949596315
2013-01-11,-0.0058086627232830645
2013-01-14,-0.003159359417733043
2013-01-15,-0.008586185830386728
2013-01-16,-0.01898672721704764
2013-01-17,0.011824182852270049
2013-01-18,-0.06397203786476446
2013-01-22,-0.04341097734992061
2013-01-23,-0.02441330335945535
2013-01-24,0.014045439862172993
2013-01-25,0.008274010771504692
2013-01-28,0.02689313517338987
2013-01-29,-0.032637589839519476
2013-01-30,0.06780825403287372
2013-01-31,-0.009340672433102215
2013-02-01,-0.029577069553016755
2013-02-04,0.045635182920783945
2013-02-05,-0.031151355686455773
2013-02-06,-0.01635580710668183
2013-02-07,-0.0006964510017700709
2013-02-08,-0.019796312044969122
2013-02-11,-0.008108920235480266
2013-02-12,-0.011319853050984263
2013-02-13,-0.0033748500306410856
2013-02-14,-0.013233332755962723
2013-02-15,-0.0036949920132002267
2013-02-19,-0.04181752512839487
2013-02-20,0.10124574790843055
2013-02-21,0.0071128921169620885
2013-02-22,-0.03830164670968916
2013-02-25,0.166143741272605
2013-02-26,-0.025563793065215945
2013-02-27,-0.08739631572359974
2013-02-28,0.04381633959221687
2013-03-01,0.015245201285231325
2013-03-04,-0.074951958900349
2013-03-05,-0.023847073487141657
2013-03-06,0.004134582394148989
2013-03-07,-0.024618844748167223
2013-03-08,-0.015657633927977477
2013-03-11,-0.04711643286392597
2013-03-12,0.023070777173167967
2013-03-13,-0.009782673992504765
2013-03-14,-0.010406652791129734
2013-03-15,0.006102161693137598
2013-03-18,0.05079915631591292
2013-03-19,0.0029885631701964677
2013-03-20,-0.05843688016437043
2013-03-21,0.029969109853673404
2013-03-22,-0.009946666788955505
2013-03-25,-0.016142180885063917
2013-03-26,-0.021496264282586997
2013-03-27,0.011927272027443703
2013-03-28,-0.011373037532925512
2013-04-01,0.01235031020054822
2013-04-02,-0.03726876264857626
2013-04-03,0.04722851376490844
2013-04-04,-0.0193521939083231
2013-04-05,0.0008793130787008163
2013-04-08,-0.03385501680268843
2013-04-09,-0.003413698521227637
2013-04-10,-0.03659734444882101
2013-04-11,0.0007452606083189206
2013-04-12,-0.02505106922142064
2013-04-15,0.18944308591615777
2013-04-16,-0.1167792717461591
2013-04-17,0.11525430575261675
2013-04-18,0.04556423316355396
2013-04-19,-0.0700184897310544
2013-04-22,-0.040862508090087624
2013-04-23,-0.048093867267334334
2013-04-24,0.005436390155340032
2013-04-25,0.009307539360493333
2013-04-26,0.0018694688597746811
2013-04-29,-0.0033206426597243155
2013-04-30,-0.01635656300799715
2013-05-01,0.04315748003295017
2013-05-02,-0.034446395464042934
2013-05-03,-0.018388796041836963
2013-05-06,-0.02193139066130545
2013-05-07,-0.003449717197263502
2013-05-08,0.012429054574221388
2013-05-09,0.015779537469190696
2013-05-10,-0.01882301922054319
2013-05-13,-0.003788416915281534
2013-05-14,-0.004204232753930892
2013-05-15,0.007457422150559445
2013-05-16,0.013946289149902924
2013-05-17,-0.02041621666528215
2013-05-20,0.0005353546061699355
2013-05-21,0.019834605665365324
2013-05-22,-0.0064933378353808635
2013-05-23,0.01285195158296526
2013-05-24,-0.00033554794980206193
2013-05-28,-0.01764025448235984
2013-05-29,0.01090773371462217
2013-05-30,0.00251680906051277
2013-05-31,0.040235280692563435
2013-06-03,-0.005270558669246195
2013-06-04,0.006090500323322701
2013-06-05,0.04731796757446238
2013-06-06,-0.0272355770374354
2013-06-07,-0.030575416426216973
2013-06-10,-0.012117482065924778
2013-06-11,0.06276043794427633
2013-06-12,0.06059179103760437
2013-06-13,-0.05280803175005888
2013-06-14,0.03551954388046008
2013-06-17,-0.02801463319999631
2013-06-18,-0.008444653541099356
2013-06-19,-0.005664934915553199
2013-06-20,0.11638309153130577
2013-06-21,-0.029898625310859406
2013-06-24,0.058262235692573494
2013-06-25,-0.031032626523454288
2013-06-26,-0.027282630868521784
2013-06-27,-0.03239825626793158
2013-06-28,-0.008097539380971686
2013-07-01,-0.022868433286843404
2013-07-02,-0.001460645824313378
2013-07-03,-0.012102499594994875
2013-07-05,-0.05972971148002748
2013-07-08,-0.03924083098230313
2013-07-09,-0.009033635878270219
2013-07-10,-0.017660876686349747
2013-07-11,-0.019365984752920506
2013-07-12,0.009491104536378803
2013-07-15,-0.02903665455190152
2013-07-16,0.02789078770933795
2013-07-17,-0.03703169148953889
2013-07-18,-0.009327153661686127
2013-07-19,-0.034564223119624704
2013-07-22,-0.014043420085104397
2013-07-23,-0.0033438478090767054
2013-07-24,0.00869741224384657
2013-07-25,-0.019816971207929135
2013-07-26,-0.003362366311819187
2013-07-29,0.011285122063565245
2013-07-30,-0.02077344937741199
2013-07-31,-0.024224976743016602
2013-08-01,-0.022114430745049596
2013-08-02,-0.02979480254273581
2013-08-05,-0.010911041403565913
2013-08-06,0.027327956066586445
2013-08-07,0.012615598439086995
2013-08-08,-0.016265902972074198
2013-08-09,0.02329637306394594
2013-08-12,-0.013569143636268266
2013-08-13,-0.00931008359803831
2013-08-14,0.017198704060208847
2013-08-15,0.04360183322892275
2013-08-16,-0.006938081727822509
2013-08-19,0.023861185169159915
2013-08-20,-0.018221479221174675
2013-08-21,0.02875735075359076
2013-08-22,-0.0399335466404136
2013-08-23,-0.015400884445298968
2013-08-26,0.04025334088408927
2013-08-27,0.08225341184273938
2013-08-28,0.007117417146557559
2013-08-29,0.0
2013-08-30,0.009587397452163415
2013-09-03,-0.033015461426044945
2013-09-04,-0.007327213600625715
2013-09-05,-0.012890613429696995
2013-09-06,0.0058873305367013185
2013-09-09,-0.04085675079052564
2013-09-10,-0.03112675881116178
2013-09-11,-0.03742343892448541
2013-09-12,0.005942812931454267
2013-09-13,0.0
2013-09-16,-0.014918445829465554
2013-09-17,-0.0062798680756547265
2013-09-18,-0.04854474149434074
2013-09-19,0.003217768918630348
2013-09-20,0.016817814109933105
2013-09-23,0.022080786087150583
2013-09-24,-0.017349920795324048
2013-09-25,-0.0008129798839593416
2013-09-26,-0.016238056162116266
2013-09-27,0.039140976792518156
2013-09-30,0.040401360544217724
2013-10-01,-0.042683684344738904
2013-10-02,0.048889769211329925
2013-10-03,0.04248904401278897
2013-10-04,-0.025903531675140923
2013-10-07,0.08697185582281142
2013-10-08,0.043218689162881185
2013-10-09,-0.022812097084304095
2013-10-10,-0.10517818080809249
2013-10-11,-0.029050553913611554
2013-10-14,0.015006494155260341
2013-10-15,0.044097960469328124
2013-10-16,-0.10115141916182713
2013-10-17,-0.06401471184639274
2013-10-18,-0.014485391344623677
2013-10-21,0.01730594299575494
2013-10-22,0.0005439520726064906
2013-10-23,0.005406774107063139
2013-10-24,-0.014355342883809019
2013-10-25,0.0033968616605541957
2013-10-28,0.0022993498906498377
2013-10-29,-0.004296720294717615
2013-10-30,0.0053809438040346436
2013-10-31,-0.0033366924196618353
2013-11-01,0.0014679668658907907
2013-11-04,-0.033220156453325766
2013-11-05,0.005345318398415788
2013-11-06,-0.018343682432692465
2013-11-07,0.03352432610382583
2013-11-08,-0.03871647858269622
2013-11-11,-0.010761256321449197
2013-11-12,0.003477234482043734
2013-11-13,-0.009648474444259092
2013-11-14,-0.005128040510717469
2013-11-15,-0.016092603049124854
2013-11-18,-0.0012543554006968494
2013-11-19,0.014307760503029066
2013-11-20,-0.02414114029053549
2013-11-21,-0.03176261796951452
2013-11-22,-0.008710771549952145
2013-11-25,0.0013306259990497615
2013-11-26,0.004909870652089365
2013-11-27,0.007109859348434666
2013-11-29,0.005908633596507729
2013-12-02,0.016647030403716068
2013-12-03,0.022410645056401668
2013-12-04,-0.017124544364801708
2013-12-05,0.01310866084243889
2013-12-06,-0.03590176151206681
2013-12-09,-0.013675707356850975
2013-12-10,0.009094275601333024
2013-12-11,0.04472873443540748
2013-12-12,0.009443364321074288
2013-12-13,0.0010196649672249425
2013-12-16,0.017154960548441345
2013-12-17,-0.010856952105422146
2013-12-18,-0.06752000771381739
2013-12-19,-0.0031193719894183625
2013-12-20,-0.0009421974811343325
2013-12-23,-0.036763051791863566
2013-12-24,-0.03416899460158629
2013-12-26,-0.0016554289700069225
2013-12-27,0.018910635602298997
2013-12-30,0.01429002441098226
2013-12-31,-0.00031548584820639824
2014-01-02,0.01894414138226419
2014-01-03,-0.010282639859830356
2014-01-06,-0.010353706948964758
2014-01-07,-0.01930686807726356
2014-01-08,0.0014555638467419474
2014-01-09,0.003201265787851737
2014-01-10,-0.020870203108523167
2014-01-13,0.023684432332200078
2014-01-14,-0.03524902111464845
2014-01-15,0.0035939500260775414
2014-01-16,0.012170002078727205
2014-01-17,-0.0031926214969848488
2014-01-21,-0.010713616782168978
2014-01-22,-0.017730697868150846
2014-01-23,0.024421036400258167
2014-01-24,0.13454754132289715
2014-01-27,-0.00470982346453952
2014-01-28,-0.05317792903499918
2014-01-29,0.07330529353794168
2014-01-30,0.013305568991383687
2014-01-31,0.05269332211452893
2014-02-03,0.08303423894247386
2014-02-04,-0.021558483951773844
2014-02-05,0.02419477665523173
2014-02-06,-0.10140422187130449
2014-02-07,-0.07337446905758227
2014-02-10,0.000833432551494262
2014-02-11,-0.03564630705958316
2014-02-12,-0.022433892271497724
2014-02-13,-0.002289463958969895
2014-02-14,-0.01781568177506354
2014-02-18,-0.01594966748530602
2014-02-19,0.06573941654281534
2014-02-20,-0.029004701094583307
2014-02-21,0.012284457451517072
2014-02-24,-0.008824920361563016
2014-02-25,-0.006634857760172697
2014-02-26,0.02578323953490491
2014-02-27,-0.010928720359048794
2014-02-28,0.009834659806522428
2014-03-03,0.0765311538053286
2014-03-04,-0.07740912377571818
2014-03-05,0.001540749712779288
2014-03-06,-0.004606245998434844
2014-03-07,0.02311994139612983
2014-03-10,-0.0018336447618880758
2014-03-11,0.013541411525945568
2014-03-12,-0.010702202582338005
2014-03-13,0.047494416527079863
2014-03-14,0.03393077256221466
2014-03-17,-0.05729728858887406
2014-03-18,-0.034051388971964136
2014-03-19,0.025131807083967228
2014-03-20,-0.015869180653233728
2014-03-21,0.01580941023797422
2014-03-24,-0.0025118904781225027
2014-03-25,-0.014815071219647202
2014-03-26,0.02296962563462901
2014-03-27,-0.01743072788315403
2014-03-28,-0.009376829705237233
2014-03-31,-0.026985303198715505
2014-04-01,-0.0342886154906209
2014-04-02,0.006665602673751492
2014-04-03,-0.009904221884413311
2014-04-04,0.024537276880327807
2014-04-07,0.024823021053599348
2014-04-08,-0.01757423522023871
2014-04-09,-0.024554610952324363
2014-04-10,0.059257456329220526
2014-04-11,0.02999505090497734
2014-04-14,-0.003715271223379557
2014-04-15,-0.013168206832999019
2014-04-16,-0.033433987293164824
2014-04-17,-0.018717325941509544
2014-04-21,-0.011980125138019826
2014-04-22,-0.010095177783158493
2014-04-23,0.007601557943063497
2014-04-24,0.008477899572370218
2014-04-25,0.00719377835385604
2014-04-28,-0.023504646694917586
2014-04-29,-0.012953026452037997
2014-04-30,0.0012207450359547067
2014-05-01,-0.0038006515402640995
2014-05-02,0.002992838224185723
2014-05-05,-0.017884380719951132
2014-05-06,0.011696757911085154
2014-05-07,-0.022777644519069384
2014-05-08,0.0012371012557559347
2014-05-09,-0.01983780656422529
2014-05-12,-0.02985373271704972
2014-05-13,0.0025884294111579997
2014-05-14,-0.009000113144279509
2014-05-15,0.013783654744358831
2014-05-16,-0.018643651329934285
2014-05-19,-0.020343651215924408
2014-05-20,0.003492966145916432
2014-05-21,-0.020831785718075757
2014-05-22,-0.0031646941518185256
2014-05-23,-0.009839523353918356
2014-05-27,-0.03139308890865378
2014-05-28,0.0015304040266630459
2014-05-29,-0.008964650752147918
2014-05-30,0.0022956998458112388
2014-06-02,-0.005879939833173808
2014-06-03,0.0041723979825767366
2014-06-04,-0.01053604858225654
2014-06-05,-0.037643774298866006
2014-06-06,-0.05259056798292938
2014-06-09,0.013146739886879866
2014-06-10,-0.014112651429998846
2014-06-11,0.0233975171015961
2014-06-12,0.04969859011969735
2014-06-13,-0.02386736161882974
2014-06-16,0.0007731522868394958
2014-06-17,-0.026773858670722572
2014-06-18,-0.05576503274459221
2014-06-19,0.0078420554854981
2014-06-20,0.007754969045291604
2014-06-23,-0.021766683911019213
2014-06-24,0.03486388936631535
2014-06-25,-0.03179855379819607
2014-06-26,0.00529128455499106
2014-06-27,-0.007652324574068725
2014-06-30,-0.013756067880904221
2014-07-01,-0.025347692555288792
2014-07-02,-0.011902632339383268
2014-07-03,-0.0096785873440286
2014-07-07,0.02307594954509007
2014-07-08,0.008865491931715264
2014-07-09,-0.017316312211338114
2014-07-10,0.043436668145519164
2014-07-11,-0.013659132884229486
2014-07-14,-0.03544245820591929
2014-07-15,0.019245272478422448
2014-07-16,-0.023074815017812944
2014-07-17,0.07742369838420093
2014-07-18,-0.050054676109143825
2014-07-21,0.029189678091296578
2014-07-22,-0.02786913622987708
2014-07-23,0.005328183212798487
2014-07-24,0.012234832486341496
2014-07-25,0.021280032303654384
2014-07-28,-0.010899362117138489
2014-07-29,0.00600940718730425
2014-07-30,0.007271523178807859
2014-07-31,0.10461676024668298
2014-08-01,0.04758050116064516
2014-08-04,-0.05710097497784139
2014-08-05,0.06616291261433882
2014-08-06,0.004939695027524449
2014-08-07,0.023744713398722306
2014-08-08,-0.03291765093665866
2014-08-11,-0.058850929912859784
2014-08-12,-0.009874575984741396
2014-08-13,-0.054486046256446596
2014-08-14,-0.03618217454095307
2014-08-15,0.0026222138977336495
2014-08-18,-0.0372688212217448
2014-08-19,0.0061400712414585445
2014-08-20,0.0
2014-08-21,-0.0071908750275511135
2014-08-22,0.0074233384209794195
2014-08-25,-0.010440052337993166
2014-08-26,0.008963491864656836
2014-08-27,0.007297457615428327
2014-08-28,0.002478772938920848
2014-08-29,0.011734812365951308
2014-09-02,0.0009316770186333923
2014-09-03,-0.014299396997126457
2014-09-04,-0.00017791402646827326
2014-09-05,-0.02076489268506343
2014-09-08,0.006276296845077578
2014-09-09,0.026004334055675926
2014-09-10,-0.005307338207419576
2014-09-11,-0.002205041650786721
2014-09-12,0.02310861321037838
2014-09-15,0.026813333333333356
2014-09-16,-0.05468050018828485
2014-09-17,-0.01041208791208792
2014-09-18,-0.013866910968601709
2014-09-19,0.007361738665315309
2014-09-22,0.05054075957857096
2014-09-23,0.032826569836266195
2014-09-24,-0.04580752340600891
2014-09-25,0.07113936351121541
2014-09-26,-0.02480942480942472
2014-09-29,0.05390459455268992
2014-09-30,0.004156041584935322
2014-10-01,0.0316334379234986
2014-10-02,-0.018035929844493426
2014-10-03,-0.07091378022031003
2014-10-06,0.030431962641068955
2014-10-07,0.07212095271665242
2014-10-08,-0.09556742793401041
2014-10-09,0.09871991275673153
2014-10-10,0.11451022096183405
2014-10-13,0.12703427656619404
2014-10-14,-0.06007356330489266
2014-10-15,0.12462343745308613
2014-10-16,-0.051170696544420635
2014-10-17,-0.05302056856657822
2014-10-20,-0.08575163916565964
2014-10-21,-0.0754864150452832
2014-10-22,0.06784626201078048
2014-10-23,-0.044068912542521654
2014-10-24,-0.019652409486420108
2014-10-27,-0.0017681084752113607
2014-10-28,-0.07028656555348323
2014-10-29,0.03492347872165924
2014-10-30,-0.006436904921550135
2014-10-31,-0.019448091387624378
2014-11-03,0.010699001426533572
2014-11-04,-0.0034171526204361813
2014-11-05,-0.028039705315990093
2014-11-06,-0.027353136663428534
2014-11-07,-0.0006570647603028057
2014-11-10,-0.04179049522657352
2014-11-11,-0.0027172421364658472
2014-11-12,0.023008118893628637
2014-11-13,0.02261171343251478
2014-11-14,-0.017179011614906092
2014-11-17,0.0029578275359021244
2014-11-18,-0.00424350796658568
2014-11-19,0.013066202090592283
2014-11-20,-0.022012037833190168
2014-11-21,-0.011740677117853093
2014-11-24,-0.02434884962292816
2014-11-25,-0.006046237584871883
2014-11-26,-0.015101689413292263
2014-11-28,0.03679979364601693
2014-12-01,0.047960636342275986
2014-12-02,-0.07759064111525837
2014-12-03,0.003188538419743203
2014-12-04,-0.01650489588232784
2014-12-05,-0.013854470095503002
2014-12-08,0.06192778520728326
2014-12-09,0.004027068543197565
2014-12-10,0.11609604145991836
2014-12-11,0.08277863538129049
2014-12-12,0.004117338442938934
2014-12-15,-0.018639466600029464
2014-12-16,0.07784902428296947
2014-12-17,-0.12189124178514665
2014-12-18,-0.02571753512773156
2014-12-19,-0.03665118614283924
2014-12-22,-0.0075179153094462325
2014-12-23,-0.02802830399222822
2014-12-24,0.01720737999405708
2014-12-26,-0.024365306989590052
2014-12-29,0.014589599466499736
2014-12-30,0.020349032180176696
2014-12-31,0.08616201719559347
2015-01-02,-0.006015492616799789
2015-01-05,0.06311264810101913
2015-01-06,0.03130369046800907
2015-01-07,-0.04963404746831923
2015-01-08,-0.05497253710412542
2015-01-09,0.05161625404990966
2015-01-12,0.04116886171213552
2015-01-13,0.02095074598208746
2015-01-14,0.009867693260763755
2015-01-15,0.04506616422749987
2015-01-16,-0.03206431730990966
2015-01-20,-0.0010071147785971624
2015-01-21,-0.06211382113821129
2015-01-22,-0.05268146093388815
2015-01-23,0.027341938947317068
2015-01-26,-0.060354144151633426
2015-01-27,0.03512341856144374
2015-01-28,0.13694749694749686
2015-01-29,-0.06641178744791432
2015-01-30,0.09147379561036217
2015-02-02,-0.04208296446186932
2015-02-03,-0.04238043370630751
2015-02-04,0.04325647123703158
2015-02-05,-0.04530637416853878
2015-02-06,0.025585419310185875
2015-02-09,0.02051558914833307
2015-02-10,-0.04269717409513729
2015-02-11,-0.004766400331575604
2015-02-12,-0.05063393642126701
2015-02-13,-0.005885435071344092
2015-02-17,0.00436360070602082
2015-02-18,-0.020539419087136856
2015-02-19,-0.013469230098309248
2015-02-20,-0.03938062039001711
2015-02-23,0.006087459570327969
2015-02-24,-0.04937206779838221
2015-02-25,0.019025885652227847
2015-02-26,-0.020249032066588457
2015-02-27,-0.009968881667722362
2015-03-02,-0.02796862396039057
2015-03-03,0.025196377215950472
2015-03-04,-0.0015072852118571678
2015-03-05,-0.019121100301912164
2015-03-06,0.04763736890104897
2015-03-09,-0.01566941878970074
2015-03-10,0.05220611604736969
2015-03-11,0.010401208221156866
2015-03-12,-0.06296060413065241
2015-03-13,0.027048395822063087
2015-03-16,-0.022000729305943767
2015-03-17,-0.006890932692573237
2015-03-18,-0.04891886254606126
2015-03-19,0.0006433030688479668
2015-03-20,-0.019125962507853367
2015-03-23,-0.0051391288804147894
2015-03-24,-0.010256487040891216
2015-03-25,0.039650842637136696
2015-03-26,-0.008643394496747892
2015-03-27,-0.011463547094482496
2015-03-30,-0.024202648927956427
2015-03-31,0.02880489363644667
2015-04-01,-0.011536584283622586
2015-04-02,-0.016743726713650764
2015-04-06,-0.02083333333333337
2015-04-07,-0.00206704692041082
2015-04-08,-0.022675595701604156
2015-04-09,-0.036268604391751946
2015-04-10,-0.04633089718575345
2015-04-13,0.044455232679103895
2015-04-14,-0.029150066401062324
2015-04-15,-0.019201832979960365
2015-04-16,-0.012743850351284114
2015-04-17,0.035316969803990794
2015-04-20,-0.030086986184547193
2015-04-21,-0.003253262054654815
2015-04-22,-0.012967308269084765
2015-04-23,-0.012333321417080878
2015-04-24,-0.004741566526711871
2015-04-27,0.028821325962832045
2015-04-28,-0.03817670867282896
2015-04-29,0.03715614031863845
2015-04-30,0.020268953420385927
2015-05-01,-0.05345141964053135
2015-05-04,0.0
2015-05-05,0.04166437338323514
2015-05-06,0.016872732396350676
2015-05-07,-0.0133712068726618
2015-05-08,-0.042939400323011134
2015-05-11,0.029659928830845006
2015-05-12,-0.016335619488732633
2015-05-13,-0.01390850809518629
2015-05-14,-0.022203856749311357
2015-05-15,-0.006104318100711881
2015-05-18,-0.03499886612744729
2015-05-19,-0.006834560551464808
2015-05-20,0.0
2015-05-21,-0.036478359459725884
2015-05-22,0.0076537398956308955
2015-05-26,0.03147911208594811
2015-05-27,-0.025025103861072262
2015-05-28,-0.0015953794579749436
2015-05-29,0.009021218066708636
2015-06-01,-0.003307607497243681
2015-06-02,0.018503620273531807
2015-06-03,-0.027823854660347536
2015-06-04,0.032845158538319374
2015-06-05,-0.010442888609188183
2015-06-08,0.024087286602937352
2015-06-09,-0.017582332278910817
2015-06-10,-0.04517709341603615
2015-06-11,-0.020564382654750024
2015-06-12,0.021312999028346935
2015-06-15,0.04694835680751175
2015-06-16,-0.024021651093419694
2015-06-17,-0.0015990284384171938
2015-06-18,-0.04099257997810479
2015-06-19,0.02961694571283613
2015-06-22,-0.05670875680114984
2015-06-23,-0.02890538275689447
2015-06-24,0.03272442003810383
2015-06-25,0.002517634291915316
2015-06-26,-0.007685479855383148
2015-06-29,0.1718300026180295
2015-06-30,-0.0028857610962167435
2015-07-01,-0.07590044251918526
2015-07-02,0.05804978582397147
2015-07-06,0.01915401508641268
2015-07-07,-0.0457390196372357
2015-07-08,0.1058770396842541
2015-07-09,0.02530229585042343
2015-07-10,-0.08989678581324478
2015-07-13,-0.10575989952999831
2015-07-14,-0.006532609852111904
2015-07-15,-0.013044037011651799
2015-07-16,-0.059788623885067005
2015-07-17,-0.003069891976733463
2015-07-20,-0.015142043481280898
2015-07-21,-0.000446669957918977
2015-07-22,-0.0035043981372595567
2015-07-23,0.007033444263494504
2015-07-24,0.04169498675791594
2015-07-27,0.054695585654502166
2015-07-28,-0.08121253493184288
2015-07-29,-0.017065242628279464
2015-07-30,-0.008291012164875489
2015-07-31,0.0022627667682928454
2015-08-03,-0.009648518263266737
2015-08-04,0.012646077796174993
2015-08-05,-0.008507109004739277
2015-08-06,0.02633780263378016
2015-08-07,-0.013296695619774979
2015-08-10,-0.03171905975644307
2015-08-11,0.047650385102856685
2015-08-12,-0.012307191215131463
2015-08-13,-0.012601874970556426
2015-08-14,0.0038645960065841756
2015-08-17,-0.008982676267199063
2015-08-18,0.011030381507325604
2015-08-19,0.03626402295851827
2015-08-20,0.09953767280051262
2015-08-21,0.14087966528590168
2015-08-24,0.25442901713222277
2015-08-25,0.0068650551240656554
2015-08-26,-0.059442983849998576
2015-08-27,0.014406167928614266
2015-08-28,0.011975957243864466
2015-08-31,0.07752842609216049
2015-09-01,0.11493710255199785
2015-09-02,-0.10128268991282696
2015-09-03,-0.005944545290783809
2015-09-04,0.08500376369567042
2015-09-08,-0.09735854874351191
2015-09-09,0.03332004896239571
2015-09-10,-0.036956431906775666
2015-09-11,-0.022097946106756527
2015-09-14,-0.002281669128724295
2015-09-15,-0.10390676537418453
2015-09-16,-0.0709833625075662
2015-09-17,0.07505106712685783
2015-09-18,0.053153153153153276
2015-09-21,-0.08229255774165967
2015-09-22,0.10009490881974115
2015-09-23,-0.028177476505931387
2015-09-24,0.03283080483822398
2015-09-25,0.021411468565815328
2015-09-28,0.06898883495875086
2015-09-29,-0.006185161235907621
2015-09-30,-0.031203145774986618
2015-10-01,-0.03340536121006832
2015-10-02,-0.04825992387166933
2015-10-05,-0.0527861099208049
2015-10-06,0.022904344620746198
2015-10-07,-0.039344799344799286
2015-10-08,-0.04117787477833856
2015-10-09,-0.00983408318958634
2015-10-12,-0.06932471264367801
2015-10-13,0.08859513701273625
2015-10-14,0.002676782896952723
2015-10-15,-0.08477423004844253
2015-10-16,-0.00848030598643923
2015-10-19,-0.0647599750623441
2015-10-20,0.06680693275560379
2015-10-21,0.07049266759094719
2015-10-22,-0.11947976140530103
2015-10-23,0.03461705786082758
2015-10-26,0.019242321092467263
2015-10-27,-0.025224446496277197
2015-10-28,-0.027791773312642376
2015-10-29,0.011401326699834069
2015-10-30,0.025230580036892825
2015-11-02,-0.043181863617280714
2015-11-03,0.016798646079271062
2015-11-04,0.033288811260659745
2015-11-05,-0.03768519439196594
2015-11-06,-0.021202727836329816
2015-11-09,0.06931424710750789
2015-11-10,-0.03603372361640378
2015-11-11,0.028347875957560165
2015-11-12,0.08347607855634798
2015-11-13,0.06629042042759692
2015-11-16,-0.10163267417202548
2015-11-17,0.03703845858601351
2015-11-18,-0.04049002553758463
2015-11-19,0.022777242044358603
2015-11-20,-0.03995776055514688
2015-11-23,-0.02321653048397232
2015-11-24,0.02449225819424905
2015-11-25,-0.03531051267959495
2015-11-27,0.020651488331400403
2015-11-30,-0.012479068654812187
2015-12-01,-0.04422867293794652
2015-12-02,0.033455129152850205
2015-12-03,0.0717745396578855
2015-12-04,-0.08561676486852388
2015-12-07,0.014013721769232435
2015-12-08,0.0547660668380463
2015-12-09,0.04574169396350025
2015-12-10,0.008035947346832106
2015-12-11,0.1587348561916213
2015-12-14,-0.06651555541366716
2015-12-15,-0.07612859097127223
2015-12-16,-0.039738654031243104
2015-12-17,0.06273973130818611
2015-12-18,0.0588907428903076
2015-12-21,-0.07623794597742495
2015-12-22,-0.05095305199139666
2015-12-23,0.0034190371991247304
2015-12-24,0.017874179793220257
2015-12-28,-0.02343286722650495
2015-12-29,-0.017394029616861206
2015-12-30,0.04533131329240092
2015-12-31,0.0076089858499561736
2016-01-04,0.05216041788897918
2016-01-05,-0.016171100678142758
2016-01-06,0.03585402420740835
2016-01-07,0.12020121789780247
2016-01-08,0.06461829354762472
2016-01-11,-0.054509664624219134
2016-01-12,-0.04541114224441556
2016-01-13,0.10158735364533777
2016-01-14,-0.038167825297348745
2016-01-15,0.09601782922941204
2016-01-19,-0.013824364206334594
2016-01-20,0.029138864228643424
2016-01-21,0.013760382897610945
2016-01-22,-0.09220169635749764
2016-01-25,0.05534893565553922
2016-01-26,-0.044796218035957236
2016-01-27,0.0356489396802544
2016-01-28,-0.020592281514734467
2016-01-29,-0.06377064450785863
2016-02-01,-0.004627289955780212
2016-02-02,0.0672092912561284
2016-02-03,-0.014093929797957316
2016-02-04,0.013390635602804846
2016-02-05,0.03304911983095993
2016-02-08,0.04463874164554049
2016-02-09,0.022710036815906776
2016-02-10,0.006040177969529381
2016-02-11,0.050671419764668046
2016-02-12,-0.027398308651896075
2016-02-16,-0.05329766167001082
2016-02-17,-0.037763032124897844
2016-02-18,-0.005988972229020506
2016-02-19,-0.017626185820841633
2016-02-22,-0.05866308898979766
2016-02-23,0.05202900593588011
2016-02-24,-0.01795417665361554
2016-02-25,-0.03997574471310539
2016-02-26,0.02674962102071765
2016-02-29,0.014825751284180733
2016-03-01,-0.09677810444639778
2016-03-02,-0.005016778523489918
2016-03-03,-0.042377025682534875
2016-03-04,0.028368669437205174
2016-03-07,-0.012825562081542508
2016-03-08,0.04679965307892453
2016-03-09,-0.026943726386955635
2016-03-10,-0.009281019038861138
2016-03-11,-0.04549908039259509
2016-03-14,-0.014082477939852178
2016-03-15,0.011269818075546167
2016-03-16,-0.04192179174568755
2016-03-17,-0.026958751225397926
2016-03-18,-0.0023249505947997573
2016-03-21,-0.04019885811939261
2016-03-22,-0.007243444480414363
2016-03-23,0.05188929197407566
2016-03-24,-0.01656591490351078
2016-03-28,-0.014776287014598988
2016-03-29,-0.057511948327234164
2016-03-30,-0.01625257261674906
2016-03-31,0.006448829936374523
2016-04-01,-0.028565918052460115
2016-04-04,0.029185325715294308
2016-04-05,0.04884897329275084
2016-04-06,-0.05989822818956536
2016-04-07,0.09106125820616495
2016-04-08,-0.02362973441453653
2016-04-11,0.02620140801958981
2016-04-12,-0.04585495834079023
2016-04-13,-0.048475501740199656
2016-04-14,-0.011257857502683044
2016-04-15,-0.009946171056420705
2016-04-18,-0.05058844587640399
2016-04-19,-0.0014611269530789839
2016-04-20,0.012319746996766634
2016-04-21,0.021821742475462313
2016-04-22,-0.034520522941431486
2016-04-25,0.003970129501843056
2016-04-26,-0.01624140853027012
2016-04-27,-0.026582763076039684
2016-04-28,0.059238502568640605
2016-04-29,0.0253405425475135
2016-05-02,-0.05529025687450495
2016-05-03,0.04776963250443189
2016-05-04,0.011249314066215321
2016-05-05,-0.0037306683548882225
2016-05-06,-0.046864716428749675
2016-05-09,-0.01619124720224774
2016-05-10,-0.05300353356890464
2016-05-11,0.055382334900838215
2016-05-12,-0.02741251967550551
2016-05-13,0.0354555187610488
2016-05-16,-0.03695866496741773
2016-05-17,0.03243445692883906
2016-05-18,0.004183898038646605
2016-05-19,-0.005515148595925057
2016-05-20,-0.03426730922916721
2016-05-23,0.013115000752294437
2016-05-24,-0.05851340313358577
2016-05-25,-0.01616846754475898
2016-05-26,-0.018037518037518074
2016-05-27,-0.02160720603042443
2016-05-31,-0.007370734013851354
2016-06-01,0.0014570724052902495
2016-06-02,-0.02411863458310015
2016-06-03,-0.004386719421985097
2016-06-06,-0.015377969762418897
2016-06-07,0.004913573747477251
2016-06-08,0.004045519369015427
2016-06-09,0.02075482636674586
2016-06-10,0.08141648208099062
2016-06-13,0.15853050077466446
2016-06-14,-0.01747586019311842
2016-06-15,-0.01434932059888816
2016-06-16,-0.026214160327676983
2016-06-17,0.0024996995553419055
2016-06-20,-0.07698578244503573
2016-06-21,0.009403085874590822
2016-06-22,0.03543489449305204
2016-06-23,-0.1321172055570744
2016-06-24,0.3270811259700468
2016-06-27,0.0430485725999612
2016-06-28,-0.18589929248210524
2016-06-29,-0.06081012400894492
2016-06-30,-0.020806840011905026
2016-07-01,-0.007792207792207795
2016-07-05,0.0036482120975827037
2016-07-06,-0.03177113682399624
2016-07-07,-0.010890124376683685
2016-07-08,-0.05751289331865317
2016-07-11,-0.004857204340742216
2016-07-12,-0.028544067220660274
2016-07-13,-0.0013355805005247356
2016-07-14,-0.006782359496895429
2016-07-15,0.00945755321877395
2016-07-18,-0.037983929875821665
2016-07-19,-0.005315110098709219
2016-07-20,-0.012777962163956214
2016-07-21,0.023163556900319238
2016-07-22,-0.026844976013668753
2016-07-25,-0.0021946854846879305
2016-07-26,-0.008865728207904766
2016-07-27,-0.022226015705018698
2016-07-28,-0.024791368413701442
2016-07-29,-0.03487414515378284
2016-08-01,-0.013429790391393026
2016-08-02,0.034482758620689724
2016-08-03,-0.024282079243911348
2016-08-04,-0.02637657402578064
2016-08-05,-0.03688681411188488
2016-08-08,-0.018673023440603842
2016-08-09,-0.0142914979757085
2016-08-10,0.024602620446050993
2016-08-11,-0.008859135733183754
2016-08-12,-0.008816986855409548
2016-08-15,-0.009833925001020094
2016-08-16,0.03436907607351847
2016-08-17,-0.03262948207171312
2016-08-18,-0.01635023269222846
2016-08-19,0.006824652487020577
2016-08-22,0.0037842558323284425
2016-08-23,-0.001657138122462487
2016-08-24,0.02701469001576906
2016-08-25,-0.010424663622772723
2016-08-26,0.00873790371973393
2016-08-29,-0.023234163124873586
2016-08-30,-0.007252082383655933
2016-08-31,0.0005426615461678885
2016-09-01,-0.0014602194501230903
2016-09-02,-0.030416980028411422
2016-09-06,-0.0342152891493579
2016-09-07,-0.008165268606103893
2016-09-08,0.010121912816591028
2016-09-09,0.15480537988777066
2016-09-12,-0.05769379097570382
2016-09-13,0.10059752803470579
2016-09-14,0.0307898259705488
2016-09-15,-0.04033189033189033
2016-09-16,-0.04112472746410034
2016-09-19,-0.02273796456013799
2016-09-20,0.01737002567394108
2016-09-21,-0.07748117187808057
2016-09-22,-0.04599076765259025
2016-09-23,0.01586021505376345
2016-09-26,0.04053100467495807
2016-09-27,-0.04242783876573564
2016-09-28,-0.016554532577903625
2016-09-29,0.0369970294355928
2016-09-30,-0.007552083333333348
2016-10-03,-0.015394034811510582
2016-10-04,-0.00932752953717686
2016-10-05,-0.004662840746054497
2016-10-06,-0.009414414414414485
2016-10-07,0.0163703333181755
2016-10-10,-0.029976287414433256
2016-10-11,0.050505050505050386
2016-10-12,0.018747804706708893
2016-10-13,0.02232469939232007
2016-10-14,-0.01319505923021791
2016-10-17,-0.010979152426520922
2016-10-18,-0.03023627489093339
2016-10-19,-0.03309429424079091
2016-10-20,-0.01814999078680679
2016-10-21,-0.012292389978417861
2016-10-24,-0.03937868136044087
2016-10-25,0.017801513128615998
2016-10-26,0.02341738327746201
2016-10-27,0.0274388796582008
2016-10-28,0.02665989003372915
2016-10-31,0.02916291629162915
2016-11-01,0.030785376945950738
2016-11-02,0.02939928729000507
2016-11-03,0.054646610344117
2016-11-04,-0.010863194091672912
2016-11-07,-0.14214040216489543
2016-11-08,-0.0009210223347917434
2016-11-09,-0.05554275178612578
2016-11-10,0.03411420204978022
2016-11-11,-0.011609797536457522
2016-11-14,-0.011220933008642464
2016-11-15,-0.045827699439830005
2016-11-16,0.01963662128650223
2016-11-17,-0.03474462699161163
2016-11-18,-0.002982465161721626
2016-11-21,-0.0320800453865594
2016-11-22,-0.00282410614376305
2016-11-23,0.001442770118627923
2016-11-25,-0.008377354463475761
2016-11-28,0.006780025828669878
2016-11-29,-0.007749866381614012
2016-11-30,0.011688661459736016
2016-12-01,0.03008199339793416
2016-12-02,0.004600196412880564
2016-12-05,-0.08314467997530373
2016-12-06,-0.02351290684624019
2016-12-07,0.00982702143554981
2016-12-08,0.004666514910084185
2016-12-09,-0.022487821456893653
2016-12-12,0.025091267311815546
2016-12-13,-0.007461842849067257
2016-12-14,-0.005809317689941973
2016-12-15,-0.018331805682859748
2016-12-16,-0.008403361344538007
2016-12-19,-0.03436911487758931
2016-12-20,-0.018222818137493935
2016-12-21,-0.014029424545285218
2016-12-22,0.01788075300635894
2016-12-23,0.0004329807632834637
2016-12-27,-0.01959935699270443
2016-12-28,0.04149586933215632
2016-12-29,0.012291855888586056
2016-12-30,0.01722694102165323
2017-01-03,-0.07667881924026809
2017-01-04,-0.04101388358170932
2017-01-05,-0.01055917120467531
2017-01-06,-0.010671857171622334
2017-01-09,-0.005630936227951189
2017-01-10,-0.0034795660776419934
2017-01-11,-0.0194440640832535
2017-01-12,0.005306521435553657
2017-01-13,-0.008751215446589744
2017-01-17,-0.003223094170403673
2017-01-18,0.0
2017-01-19,0.003163222269084942
2017-01-20,-0.027468292341111478
2017-01-23,-0.017796671229915684
2017-01-24,-0.040419600938967126
2017-01-25,-0.02056417705068414
2017-01-26,-0.0037464876678114933
2017-01-27,-0.007442807897210968
2017-01-30,0.02210119188570525
2017-01-31,0.0020851030967641293
2017-02-01,-0.022040690505548577
2017-02-02,0.016627265563435634
2017-02-03,-0.02410665839857362
2017-02-06,0.0024622716441620174
2017-02-07,0.002218524681087075
2017-02-08,0.0
2017-02-09,-0.02553561546367289
2017-02-10,-0.02231056303748169
2017-02-13,-0.02265372168284796
2017-02-14,-0.05764985566310077
2017-02-15,0.046760969456707935
2017-02-16,0.007918746772249907
2017-02-17,0.011699402220324506
2017-02-21,0.004980163754537026
2017-02-22,0.004367545775239234
2017-02-23,0.02684395383843463
2017-02-24,-0.010342861796563296
2017-02-27,-0.005102040816326481
2017-02-28,0.016790736145574803
2017-03-01,-0.01757097535182628
2017-03-02,-0.001490436366647252
2017-03-03,-0.03192636205323829
2017-03-06,-0.010878876135000826
2017-03-07,0.00025980774227063463
2017-03-08,-0.0005194805194805863
2017-03-09,0.002685377685377688
2017-03-10,-0.016760259179265602
2017-03-13,-0.02521746770934019
2017-03-14,0.020461510726518695
2017-03-15,-0.025351117392456435
2017-03-16,-0.03217328258111285
2017-03-17,-0.0014046259013016371
2017-03-20,-0.007876969242310627
2017-03-21,0.04565217391304355
2017-03-22,0.010937358763445815
2017-03-23,0.02449928469241769
2017-03-24,-0.024611625065456444
2017-03-27,-0.02460629921259838
2017-03-28,-0.04559214750940277
2017-03-29,-0.00048058439061915426
2017-03-30,-0.008847004519665358
2017-03-31,0.02755408945376936
2017-04-03,0.00868662071570192
2017-04-04,-0.01666198633342697
2017-04-05,0.04293193717277499
2017-04-06,-0.02373128879152986
2017-04-07,0.028608825729244503
2017-04-10,0.04481003453917487
2017-04-11,0.02749021313614608
2017-04-12,0.02556938447210233
2017-04-13,0.01717163378188724
2017-04-17,-0.06095284473662843
2017-04-18,-0.0012964563526361994
2017-04-19,0.01748160969277368
2017-04-20,-0.01692608658671424
2017-04-21,-0.0006921612735767413
2017-04-24,-0.10735930735930743
2017-04-25,-0.015615906886517927
2017-04-26,-0.004926593753079134
2017-04-27,-0.001188236459055303
2017-04-28,-0.005056012689600542
2017-05-01,-0.037166201673973775
2017-05-02,0.007347614612439379
2017-05-03,0.016231764947606253
2017-05-04,-0.02557622321067532
2017-05-05,0.001659923228550575
2017-05-08,-0.020403935784567562
2017-05-09,0.0
2017-05-10,0.0021146119687038833
2017-05-11,0.008124076809453484
2017-05-12,-0.016012558869701765
2017-05-15,-0.021484790470112647
2017-05-16,-0.006739130434782692
2017-05-17,0.17804771284745025
2017-05-18,0.0032512772875057383
2017-05-19,-0.1057407407407408
2017-05-22,-0.03696417477738656
2017-05-23,0.008708740995591713
2017-05-24,-0.027819228309528876
2017-05-25,0.00405657274421678
2017-05-26,-0.00808036689233449
2017-05-30,-0.010788199031263823
2017-05-31,-0.0014466948586689954
2017-06-01,-0.01816560793491595
2017-06-02,0.0038592508513053403
2017-06-05,0.010402532790592556
2017-06-06,0.016450313339301692
2017-06-07,-0.00803699218319942
2017-06-08,-0.017647058823529238
2017-06-09,0.005536097616088531
2017-06-12,0.009325842696629172
2017-06-13,-0.032951129912056065
2017-06-14,0.0008058017727639033
2017-06-15,0.011042097998619882
2017-06-16,-0.009101251422070633
2017-06-19,-0.01791044776119388
2017-06-20,-0.0031564180500351924
2017-06-21,0.008326492318517786
2017-06-22,-0.01593393812514543
2017-06-23,-0.008273253752511533
2017-06-26,-0.02073650339649613
2017-06-27,0.032128514056224855
2017-06-28,-0.02535078410564795
2017-06-29,0.02407452213888228
2017-06-30,0.017011222681630134
2017-07-03,0.02183761180160282
2017-07-05,-0.012163237467318289
2017-07-06,0.047065592635212816
2017-07-07,-0.02956368831739753
2017-07-10,-0.02208380520951303
2017-07-11,-0.010654313839027041
2017-07-12,-0.027273791408170545
2017-07-13,-0.010950661853188937
2017-07-14,-0.030660664314393404
2017-07-17,-0.010166938621815058
2017-07-18,-0.012553892974892178
2017-07-19,-0.021189161422884406
2017-07-20,-0.004067173970086602
2017-07-21,-0.008167566855486585
2017-07-24,-0.005578430070394491
2017-07-25,-0.009483104047014912
2017-07-26,0.007686084142394911
2017-07-27,0.008965609527632923
2017-07-28,-0.0026525198938992522
2017-07-31,-0.01010638297872346
2017-08-01,-0.004164427727028519
2017-08-02,0.010656953999730323
2017-08-03,0.006406833956219993
2017-08-04,0.0009283819628647105
2017-08-07,-0.014840333907512937
2017-08-08,0.030127774041694755
2017-08-09,0.012925969447708408
2017-08-10,0.1905130188192834
2017-08-11,0.004655695106106528
2017-08-14,-0.14301110033408782
2017-08-15,-0.00037726358148892913
2017-08-16,-0.007548119260284203
2017-08-17,0.1393078970718722
2017-08-18,0.003560302625723377
2017-08-21,-0.0536585365853659
2017-08-22,-0.07860824742268036
2017-08-23,0.04806102987921168
2017-08-24,-0.012738080795826945
2017-08-25,-0.020275251904644742
2017-08-28,-0.0048915088423429065
2017-08-29,0.009831106629694997
2017-08-30,0.0016225661507738298
2017-08-31,-0.03376947040498435
2017-09-01,0.0019344854268763534
2017-09-05,0.029347406358604777
2017-09-06,0.006502438414405454
2017-09-07,-0.01403901105727412
2017-09-08,0.02318548387096775
2017-09-11,-0.05763546798029562
2017-09-12,-0.02077888133821204
2017-09-13,-0.03283064193247043
2017-09-14,0.005933489719884166
2017-09-15,-0.01015089163237326
2017-09-18,-0.038664079822616326
2017-09-19,0.0004324636009802596
2017-09-20,-0.011959654178674506
2017-09-21,0.0042292547761413335
2017-09-22,0.008422887017136116
2017-09-25,-0.0038882488479261568
2017-09-26,-0.007806852681798593
2017-09-27,-0.005974063820486597
2017-09-28,-0.017590149516270914
2017-09-29,-0.015965383467621552
2017-10-02,-0.026080363912054594
2017-10-03,0.0037365716954693706
2017-10-04,-0.0020164417558553582
2017-10-05,-0.03217283183089836
2017-10-06,0.0025694555965953825
2017-10-09,0.014416146083613635
2017-10-10,-0.022264329701563224
2017-10-11,-0.012435400516795925
2017-10-12,-0.009975470155355715
2017-10-13,-0.0181698050875454
2017-10-16,-0.01530955585464333
2017-10-17,0.0046130189646333974
2017-10-18,-0.012755102040816313
2017-10-19,-0.008613264427217882
2017-10-20,-0.012510860121633383
2017-10-23,0.03871194791483368
2017-10-24,0.010164323225478666
2017-10-25,0.00721113533456319
2017-10-26,0.00532800532800537
2017-10-27,-0.047201059953627
2017-10-30,0.011298452981053364
2017-10-31,-0.01959436232382261
2017-11-01,0.008590462833099721
2017-11-02,-0.009386407091952043
2017-11-03,-0.0026320407088962217
2017-11-06,-0.015482054890921915
2017-11-07,0.009828448892065689
2017-11-08,0.0
2017-11-09,0.007609272695098257
2017-11-10,0.02335792061819464
2017-11-13,0.014758881070876972
2017-11-14,-0.005750042279722756
2017-11-15,0.039462493621364114
2017-11-16,-0.037309769268532134
2017-11-17,-0.004249532551419355
2017-11-20,-0.041823147832024565
2017-11-21,-0.036700516657758864
2017-11-22,-0.011651562788977277
2017-11-24,-0.004116766467065824
2017-11-27,-0.004697482149567778
2017-11-28,-0.0069850858976778785
2017-11-29,0.016920152091254748
2017-11-30,0.013273509067115441
2017-12-01,0.018081180811807984
2017-12-04,0.0001812250815511618
2017-12-05,-0.00398622938938209
2017-12-06,-0.009459705293796583
2017-12-07,-0.03636363636363649
2017-12-08,-0.027253668763102756
2017-12-11,-0.03428683385579934
2017-12-12,0.00121728545343891
2017-12-13,0.0026342451874366013
2017-12-14,-0.009094583670169687
2017-12-15,-0.03487660615949417
2017-12-18,-0.012256973795435333
2017-12-19,0.0008557980316645786
2017-12-20,0.008764429243266258
2017-12-21,-0.01695274422547144
2017-12-22,0.016813968527700007
2017-12-26,-0.0069959720161119066
2017-12-27,0.0
2017-12-28,-0.007258753202391222
2017-12-29,0.020000000000000018
2018-01-02,-0.046805819101834234
2018-01-03,-0.015483300154833013
2018-01-04,-0.004044035048303751
2018-01-05,-0.008797653958944274
2018-01-08,-0.002730996813837039
2018-01-09,0.011410314924692022
2018-01-10,-0.01534296028880866
2018-01-11,-0.0016040329972502043
2018-01-12,0.008951113151250967
2018-01-16,0.03867151956323922
2018-01-17,0.004161191414805199
2018-01-18,-0.003053435114503844
2018-01-19,-0.013126230584117327
2018-01-22,-0.00753713145643975
2018-01-23,0.014071923162832123
2018-01-24,0.019603524229074853
2018-01-25,0.013825880319723538
2018-01-26,0.0
2018-01-29,0.06941431984402491
2018-01-30,0.03279240418716545
2018-01-31,0.0032733349907392295
2018-02-01,-0.05034255421801914
2018-02-02,0.12859443013840144
2018-02-05,0.33515989794958556
2018-02-06,-0.01696305223091077
2018-02-07,0.03302717666491106
2018-02-08,0.2388863756385593
2018-02-09,-0.08880031712176872
2018-02-12,-0.034407310744579145
2018-02-13,-0.011946406291901246
2018-02-14,-0.11444656115825558
2018-02-15,-0.023069669321958197
2018-02-16,0.014939733298428015
2018-02-20,0.040835737519477666
2018-02-21,0.015054740992585192
2018-02-22,-0.013033749012464901
2018-02-23,-0.07809646251086999
2018-02-26,-0.02988399231935379
2018-02-27,0.07968434738763142
2018-02-28,0.041263853013354446
2018-03-01,0.06884060068006304
2018-03-02,-0.04406783469138975
2018-03-05,-0.036790777630959615
2018-03-06,0.005292212312045352
2018-03-07,-0.01487749442922337
2018-03-08,-0.01045540783845822
2018-03-09,-0.10190185811314634
2018-03-12,0.03947708030152164
2018-03-13,0.023893380358241956
2018-03-14,0.021861935879725847
2018-03-15,-0.027884612739438763
2018-03-16,-0.02818989684375295
2018-03-19,0.10356233521211222
2018-03-20,-0.019137607489015274
2018-03-21,-0.03643627653272541
2018-03-22,0.1515003374038637
2018-03-23,0.059322016775454234
2018-03-26,-0.07400001525878908
2018-03-27,0.07516197839266447
2018-03-28,0.00632789170612158
2018-03-29,-0.021858492744193936
2018-04-02,0.057959186787508
2018-04-03,-0.04282409749553795
2018-04-04,-0.01894394693557644
2018-04-05,-0.026910463539001506
2018-04-06,0.051298297656074965
2018-04-09,0.0
2018-04-10,0.0
2018-04-11,0.0
2018-04-12,-0.034337331539557425
2018-04-13,-0.043876078262769846
2018-04-16,-0.05067416353967402
2018-04-17,-0.0767468996955758
2018-04-18,0.006451666033565839
2018-04-19,0.010108477158043083
2018-04-20,0.027825222252431114
2018-04-23,-0.012111188051255883
2018-04-24,-0.00024034427644081813
2018-04-25,0.07117093228210702
2018-04-26,-0.04691358447542349
2018-04-27,-0.02437588011608327
2018-04-30,-0.009776675600624896
2018-05-01,0.032666995066653604
2018-05-02,-0.06137871226052327
2018-05-03,0.08148897925662335
2018-05-04,-0.06279071541719661
2018-05-07,-0.013647624006770664
2018-05-08,0.0
2018-05-09,-0.024150920364091943
2018-05-10,-0.053622113481881284
2018-05-11,-0.023971595624206476
2018-05-14,-0.029305135308359098
2018-05-15,0.07245544986228492
2018-05-16,-0.03310993661159356
2018-05-17,-0.024816317533445154
2018-05-18,0.007108331333970597
2018-05-21,-0.04009029481515625
2018-05-22,0.007117664112764155
2018-05-23,-0.007651452402344661
2018-05-24,0.005885837717297671
2018-05-25,-0.010532492894596235
2018-05-29,0.1360141488950124
2018-05-30,-0.04841220417229808
2018-05-31,0.010393797569591356
2018-06-01,-0.04899831147489686
2018-06-04,0.0
2018-06-05,-0.03159694211791597
2018-06-06,-0.04644332186345157
2018-06-07,0.011713966837297196
2018-06-08,-0.011882979685400197
2018-06-11,-0.010792428949352617
2018-06-12,-0.003117278151822056
2018-06-13,0.005003122254607861
2018-06-14,-0.02700684651528462
2018-06-15,0.011128213329312686
2018-06-18,-0.011733089186280576
2018-06-19,0.050881632200639126
2018-06-20,-0.02280826253257373
2018-06-21,0.0660641608539787
2018-06-22,-0.026015767713141846
2018-06-25,0.1434573476313501
2018-06-26,-0.04094481945067152
2018-06-27,0.05363982034384063
2018-06-28,0.01818183799842732
2018-06-29,-0.05816333034742449
2018-07-02,0.022210280341000033
2018-07-03,0.0
2018-07-05,-0.041865441462239916
2018-07-06,-0.049640436297561985
2018-07-09,-0.054852380158957326
2018-07-10,-0.021243800382808598
2018-07-11,0.03302922953197185
2018-07-12,-0.025578567255935214
2018-07-13,-0.00846874713897705
2018-07-16,-0.015411778468391035
2018-07-17,-0.016645341279561077
2018-07-18,-0.005208328482694813
2018-07-19,0.020942451183951105
2018-07-20,0.0021474177495659497
2018-07-23,0.00937087874497955
2018-07-24,-0.025982246790248298
2018-07-25,-0.009108675625579599
2018-07-26,0.0026264554648482985
2018-07-27,0.032743941389064446
2018-07-30,0.018706408860547308
2018-07-31,-0.023342728988979378
2018-08-01,-0.012109597543957351
2018-08-02,-0.01032257080078125
2018-08-03,-0.017601072690870967
2018-08-06,-0.02893164426871464
2018-08-07,-0.02419024844865003
2018-08-08,-0.018487391029517464
2018-08-09,0.01776545041209876
2018-08-10,0.050122620519126304
2018-08-13,0.05807749438045162
2018-08-14,-0.05047319693885599
2018-08-15,0.06245844308772752
2018-08-16,-0.05472170184645431
2018-08-17,-0.024478987175777567
2018-08-20,-0.020684998816072664
2018-08-21,0.02008310043491912
2018-08-22,-0.01731155252486094
2018-08-23,0.0027633824386099626
2018-08-24,-0.005856013512674507
2018-08-27,0.0013859669900480043
2018-08-28,0.0010380860567995587
2018-08-29,-0.009678558025988493
2018-08-30,0.03001747371037755
2018-08-31,0.006099637539128677
2018-09-04,-0.013809358034257868
2018-09-05,0.006147486120423595
2018-09-06,0.030549950911344936
2018-09-07,0.014822096394734308
2018-09-10,-0.026939303411009252
2018-09-11,-0.029352874389702466
2018-09-12,-0.013058455777794853
2018-09-13,-0.027158732518986706
2018-09-14,-0.021116683654630042
2018-09-17,0.03107862411752005
2018-09-18,-0.005319202901442388
2018-09-19,-0.034581081630579824
2018-09-20,-0.01624817338616158
2018-09-21,-0.0027777555031018863
2018-09-24,0.003914781736523043
2018-09-25,0.009373828244650717
2018-09-26,0.0029717653595588978
2018-09-27,-0.009629638106734673
2018-09-28,-0.0014958492341466956
2018-10-01,-0.011235997596883651
2018-10-02,0.0
2018-10-03,-0.007575714336391148
2018-10-04,0.06106864227211517
2018-10-05,0.01582735777456601
2018-10-08,0.01416429255567353
2018-10-09,0.01536314746628964
2018-10-10,0.1674690801929255
2018-10-11,0.08571427929358766
2018-10-12,-0.07569183042128913
2018-10-15,0.005870289543026708
2018-10-16,-0.06390424853971233
2018-10-17,0.01184530024091579
2018-10-18,0.07362906522051316
2018-10-19,-0.016642698472085105
2018-10-22,0.00904585261599511
2018-10-23,0.03788309685447455
2018-10-24,0.07718028712373304
2018-10-25,-0.020693203316556663
2018-10-26,0.056259932218090336
2018-10-29,0.008752149523153285
2018-10-30,-0.037927584866375375
2018-10-31,-0.031692849747818164
2018-11-01,-0.03219805322547964
2018-11-02,0.0079736300259583
2018-11-05,-0.00954714881554486
2018-11-06,-0.03387495168593113
2018-11-07,-0.06927024453643604
2018-11-08,-0.004594227224155367
2018-11-09,0.02255389873798075
2018-11-12,0.0850660343312406
2018-11-13,0.007487533208017538
2018-11-14,0.025873894283855448
2018-11-15,-0.010464163800867232
2018-11-16,-0.04582435988233602
2018-11-19,0.058539399081632526
2018-11-20,0.05583897533032722
2018-11-21,-0.023391862212326475
2018-11-23,0.00859156033235231
2018-11-26,-0.056530778175560514
2018-11-27,-0.01778379547878517
2018-11-28,-0.029526499393792593
2018-11-29,0.018082694183582992
2018-11-30,-0.028192838048630264
2018-12-03,-0.054250150286008214
2018-12-04,0.1300614072676305
2018-12-06,0.025787208442036746
2018-12-07,0.06694889436367646
2018-12-10,-0.009672603983141959
2018-12-11,0.00017530602126036854
2018-12-12,-0.00793753513266715
2018-12-13,-0.015396280333078383
2018-12-14,0.04075878546526934
2018-12-17,0.04901482150880487
2018-12-18,0.00469595591037586
2018-12-19,-0.003505527522072893
2018-12-20,0.05089122923790157
2018-12-21,0.05043513171772118
2018-12-24,0.05013810549506048
2018-12-26,-0.05300422649624037
2018-12-27,0.04229864311360787
2018-12-28,-0.0016397177608830082
2018-12-31,-0.03531097184015641
2019-01-02,-0.026601403603967344
2019-01-03,0.04153908267292672
2019-01-04,-0.07934506355426652
2019-01-07,-0.022343810501567418
2019-01-08,-0.02028924265183729
2019-01-09,-0.023565767753484623
2019-01-10,-0.01048269869276408
2019-01-11,-0.0325203175625034
2019-01-14,0.002801135957965384
2019-01-15,-0.043423129832123264
2019-01-16,0.020175263423745093
2019-01-17,-0.01118918297582916
2019-01-18,-0.0247368059660259
2019-01-22,0.08796541286376391
2019-01-23,-0.005456379523022803
2019-01-24,-0.03541142700695421
2019-01-25,-0.0374870928515848
2019-01-28,0.041364516101598525
2019-01-29,-0.002837261002134883
2019-01-30,-0.043973118718293236
2019-01-31,-0.04139607189383421
2019-02-01,-0.009596391466534127
2019-02-04,-0.031062985119636788
2019-02-05,-0.00852943869198075
2019-02-06,-0.005339671019412573
2019-02-07,0.03340300588598821
2019-02-08,-0.012121268835410981
2019-02-11,-0.010809200608613012
2019-02-12,-0.018015375054809546
2019-02-13,-0.002406070106907854
2019-02-14,0.018088704309308534
2019-02-15,-0.03494226500386388
2019-02-19,0.0030683790626848673
2019-02-20,-0.04007340229350953
2019-02-21,0.013065703178008814
2019-02-22,-0.037747742320867084
2019-02-25,0.017979706908043847
2019-02-26,0.00834939736602136
2019-02-27,0.0009554358920376149
2019-02-28,-0.0006363492704255513
2019-03-01,-0.04552691219747329
2019-03-04,0.024349551480409293
2019-03-05,0.00586129308179606
2019-03-06,0.029459367607403086
2019-03-07,0.03805028658813581
2019-03-08,0.006664684395321974
2019-03-11,-0.07282576315470757
2019-03-12,-0.028237551021267238
2019-03-13,-0.010688032368610378
2019-03-14,-0.016542932632795937
2019-03-15,-0.018537556599246385
2019-03-18,0.002448397847171213
2019-03-19,0.006629467378548304
2019-03-20,0.010745215315196122
2019-03-21,-0.013031521356483333
2019-03-22,0.11466299741752417
2019-03-25,0.0049875261309126895
2019-03-26,-0.05645165965944832
2019-03-27,0.01512160037208976
2019-03-28,-0.022344515720895353
2019-03-29,-0.030804911849095173
2019-04-01,-0.017771717487903183
2019-04-02,-0.002783574263854005
2019-04-03,0.006978393719618614
2019-04-04,-0.010048541559050661
2019-04-05,-0.019950987081301275
2019-04-08,-0.004642827170235786
2019-04-09,0.03552205745629222
2019-04-10,-0.028066575057537735
2019-04-11,-0.019607816471305606
2019-04-12,-0.045090900767933206
2019-04-15,-0.012947454288821492
2019-04-16,-0.00810189009271467
2019-04-17,0.007001178980379219
2019-04-18,-0.0158362246843482
2019-04-22,-0.009026669794678588
2019-04-23,-0.007920822294631757
2019-04-24,0.0259481654960394
2019-04-25,0.01945525234073231
2019-04-26,-0.034732817592102005
2019-04-29,0.015421090372874868
2019-04-30,0.0
2019-05-01,0.03777255848236849
2019-05-02,0.0015009724615353548
2019-05-03,-0.047583380755017
2019-05-06,0.05664832925789498
2019-05-07,0.16641843677515777
2019-05-08,-0.019789366126498842
2019-05-09,-0.0052100244930650685
2019-05-10,-0.07725036863961654
2019-05-13,0.15111742278029183
2019-05-14,-0.05546998773771761
2019-05-15,-0.04208805951823924
2019-05-16,-0.04291553823870131
2019-05-17,0.014946621729261977
2019-05-20,0.01472651015261861
2019-05-21,-0.05044923859289874
2019-05-22,-0.009461434978636718
2019-05-23,0.06612789088227777
2019-05-24,-0.0206754090973561
2019-05-28,0.029908528472480267
2019-05-29,0.01947385329380924
2019-05-30,-0.017761417021961434
2019-05-31,0.03787105529092072
2019-06-03,0.010190646455124908
2019-06-04,-0.05564591962073984
2019-06-05,-0.019297083544366322
2019-06-06,-0.021433546121782387
2019-06-07,0.00754036199627417
2019-06-10,-0.007127543100404088
2019-06-11,0.0017946603002574335
2019-06-12,-0.004657798691412585
2019-06-13,-0.006119513034269608
2019-06-14,-0.010503473709399969
2019-06-17,-0.010614897928921008
2019-06-18,-0.007769181889996868
2019-06-19,-0.03318416852257422
2019-06-20,0.0030852264853264977
2019-06-21,0.02345254152186471
2019-06-24,-0.009015840379429041
2019-06-25,0.02539803250981132
2019-06-26,-0.007763367482278571
2019-06-27,-0.015648288893673867
2019-06-28,-0.01589705053297108
2019-07-01,-0.05538463592529297
2019-07-02,-0.03705211185668045
2019-07-03,-0.005919636021420649
2019-07-05,0.002977443391864565
2019-07-08,0.027565717584112415
2019-07-09,0.0028889680621826397
2019-07-10,-0.030452666434226505
2019-07-11,-0.01655345494435212
2019-07-12,-0.015968961502592305
2019-07-15,-0.003947375245592077
2019-07-16,0.0030824132538478377
2019-07-17,0.025460926524294214
2019-07-18,-0.010488049350684925
2019-07-19,0.011464390753728182
2019-07-22,-0.02010262319184286
2019-07-23,-0.03535571677595972
2019-07-24,-0.025339341912949842
2019-07-25,0.03064066013740696
2019-07-26,-0.02522528621827247
2019-07-29,0.008780061895403923
2019-07-30,0.023362355962631254
2019-07-31,0.05595344635014232
2019-08-01,0.07884699441799348
2019-08-02,0.008251437256475702
2019-08-05,0.1418550043372484
2019-08-06,-0.06211603215750816
2019-08-07,0.005094661547642598
2019-08-08,-0.05937730800744567
2019-08-09,0.03656661969508557
2019-08-12,0.07278124999114666
2019-08-13,-0.07372790604937851
2019-08-14,0.13845291076295574
2019-08-15,-0.02609552182215935
2019-08-16,-0.05527466752380572
2019-08-19,-0.0731359648302069
2019-08-20,0.023864543885978362
2019-08-21,-0.048872222773154395
2019-08-22,0.017786591956899134
2019-08-23,0.12466015862029733
2019-08-26,-0.029696088749672334
2019-08-27,0.020284686373175376
2019-08-28,-0.0226717689850211
2019-08-29,-0.0417558906916351
2019-08-30,0.005586577891961486
2019-09-03,0.04407409385398586
2019-09-04,-0.061724006319758384
2019-09-05,-0.03705109343354329
2019-09-06,-0.02944640833212575
2019-09-09,-0.009708728874782357
2019-09-10,-0.00326797080073582
2019-09-11,-0.015573736340471767
2019-09-12,-0.023730211655345168
2019-09-13,-0.015778286874009395
2019-09-16,0.014731375810736802
2019-09-17,-0.004696866353254503
2019-09-18,-0.032175032912197365
2019-09-19,-0.018173752531823628
2019-09-20,0.051467328064573215
2019-09-23,-0.008587408977133726
2019-09-24,0.04634039357961184
2019-09-25,-0.022764869227408502
2019-09-26,0.008470938179609089
2019-09-27,0.027299438601837256
2019-09-30,-0.029435786602770242
2019-10-01,0.044229197747786
2019-10-02,0.06696247624470075
2019-10-03,-0.038185262750426885
2019-10-04,-0.05306605161672162
2019-10-07,0.00747199269554355
2019-10-08,0.08117013910991977
2019-10-09,-0.03353655367540054
2019-10-10,-0.03667193544136471
2019-10-11,-0.05771591607853499
2019-10-14,-0.03258036425221078
2019-10-15,-0.02604400142721408
2019-10-16,-0.012448153578406673
2019-10-17,-0.0060690551028743656
2019-10-18,-0.0023485740844996217
2019-10-21,-0.02636532353940335
2019-10-22,0.01595744288376344
2019-10-23,-0.012375070254612375
2019-10-24,-0.013975947736257543
2019-10-25,-0.03274673504036385
2019-10-28,0.009600738651806218
2019-10-29,-0.0010010239350302097
2019-10-30,-0.02454908785538701
2019-10-31,0.014381134900885995
2019-11-01,-0.044556919532486194
2019-11-04,0.0015897603583834297
2019-11-05,0.020634989675592186
2019-11-06,-0.0036289061094084696
2019-11-07,-0.009365161511846742
2019-11-08,-0.021008482491862712
2019-11-11,-0.0037553485577415113
2019-11-12,-0.01184702837748619
2019-11-13,0.007084422782785316
2019-11-14,-0.016233725351285533
2019-11-15,-0.0429043274781159
2019-11-18,-0.0011494516208133687
2019-11-19,0.010932137124984642
2019-11-20,0.010244752891418907
2019-11-21,0.0022535727057657606
2019-11-22,-0.028667802284186528
2019-11-25,-0.043402776053106384
2019-11-26,-0.01451904181178032
2019-11-27,-0.004911100463992679
2019-11-29,0.02035791793293762
2019-12-02,0.05199508194679625
2019-12-03,0.058045991438196776
2019-12-04,-0.046170580582009624
2019-12-05,-0.013097924215909718
2019-12-06,-0.03462206486504216
2019-12-09,0.05200244250079056
2019-12-10,0.0017044760594697728
2019-12-11,-0.023255806405510948
2019-12-12,-0.05923336765896425
2019-12-13,-0.041358086321885534
2019-12-16,-0.021249190558931152
2019-12-17,-0.0072368196090499826
2019-12-18,0.009940332472730296
2019-12-19,-0.024934391085823293
2019-12-20,0.012113075998282374
2019-12-23,0.003324480775377836
2019-12-24,-0.00994039567182281
2019-12-26,-0.0013386549297910166
2019-12-27,0.02077744399176873
2019-12-30,0.03479978349150259
2019-12-31,-0.040609158250511146
2020-01-02,-0.040343892942740656
2020-01-03,0.053756011072874976
2020-01-06,-0.013734469501039959
2020-01-07,-0.004641889600687454
2020-01-08,-0.01399067521284214
2020-01-09,-0.041891883619516124
2020-01-10,-0.004231341207714845
2020-01-13,-0.025495726600212487
2020-01-14,-0.007267469462669651
2020-01-15,-0.002928254926782059
2020-01-16,-0.02422906949183934
2020-01-17,0.002257316257133324
2020-01-21,0.00825830426965446
2020-01-22,0.008190592269372798
2020-01-23,-0.003692776283288901
2020-01-24,0.05559673926798259
2020-01-27,0.10323035748991316
2020-01-28,-0.05601528404227274
2020-01-29,0.0013486485412383953
2020-01-30,-0.01683501640255558
2020-01-31,0.1095890643606039
2020-02-03,-0.03827165494039775
2020-02-04,-0.04813863951686048
2020-02-05,-0.04248146444248124
2020-02-06,-0.007746454799631319
2020-02-07,0.020581970100246094
2020-02-10,-0.019471469453606338
2020-02-11,0.0014184045069700613
2020-02-12,-0.05099152074109947
2020-02-13,0.021641788814083185
2020-02-14,-0.012417759520111593
2020-02-18,0.017751461759777376
2020-02-19,-0.014534869617614077
2020-02-20,0.03539819523470911
2020-02-21,0.0612535369668008
2020-02-24,0.18590607575041695
2020-02-25,0.09451047363233545
2020-02-26,-0.021199578292518617
2020-02-27,0.16217642077823058
2020-02-28,0.03681815754283568
2020-03-02,-0.034195475561561994
2020-03-03,0.10985020430620951
2020-03-04,-0.05930473283000137
2020-03-05,0.1600000132685122
2020-03-06,0.11769113019984845
2020-03-09,0.23943660170082803
2020-03-10,-0.07711035023586921
2020-03-11,0.13339194241115693
2020-03-12,0.2250388204158731
2020-03-13,-0.08783783348395591
2020-03-16,0.37060180645339047
2020-03-17,-0.011822340377691809
2020-03-18,0.17928562603643416
2020-03-19,-0.10144927536231885
2020-03-20,-0.023387109079668567
2020-03-23,-0.1555738775828036
2020-03-24,-0.07784078738692346
2020-03-25,0.07953340145581467
2020-03-26,-0.10373285728311121
2020-03-27,0.10916264048300328
2020-03-30,-0.03893275623344927
2020-03-31,-0.04894100382152178
2020-04-01,0.08583786423141881
2020-04-02,-0.05694943331009983
2020-04-03,-0.04032938815027454
2020-04-06,-0.07128716444618277
2020-04-07,0.0284293008521026
2020-04-08,-0.023266489866007545
2020-04-09,-0.019575514178887365
2020-04-13,-0.020688010985447258
2020-04-14,-0.08106114741523562
2020-04-15,0.08019246223566956
2020-04-16,0.008166340814174111
2020-04-17,-0.041482630627860395
2020-04-20,0.09705508295965415
2020-04-21,0.08356671343618483
2020-04-22,-0.048039630120627286
2020-04-23,-0.0029417799832063274
2020-04-24,-0.05764867989920408
2020-04-27,-0.07369945422818114
2020-04-28,0.01586065067270992
2020-04-29,-0.06053232357928151
2020-04-30,0.031739464452074095
2020-05-01,0.08766833346881708
2020-05-04,-0.02257830386458759
2020-05-05,-0.03949329902821863
2020-05-06,0.013964337757869316
2020-05-07,-0.044376381137396614
2020-05-08,-0.06725381306823408
2020-05-11,-0.06666671760206067
2020-05-12,0.1005518915203909
2020-05-13,0.10445682007274493
2020-05-14,-0.05498109007014618
2020-05-15,-0.023218647404295578
2020-05-18,-0.06448078945475888
2020-05-19,0.05227795014846004
2020-05-20,-0.06466827908127093
2020-05-21,0.029080104452521294
2020-05-22,-0.009515623649098859
2020-05-26,-0.015138185332327359
2020-05-27,-0.02010051044548178
2020-05-28,0.04012060196495448
2020-05-29,-0.039153088516356016
2020-06-01,0.008753307922744868
2020-06-02,-0.02782754462693815
2020-06-03,-0.04309022633282211
2020-06-04,-0.008041170755002103
2020-06-05,-0.05415045616184311
2020-06-08,0.02228315450223528
2020-06-09,0.048625109918801535
2020-06-10,-0.004477176045653453
2020-06-11,0.3366528021880899
2020-06-12,-0.06969482055612986
2020-06-15,-0.02557473229614826
2020-06-16,-0.022534524424983937
2020-06-17,0.0029834720243626656
2020-06-18,-0.018117852277961255
2020-06-19,0.015973505767588714
2020-06-22,-0.04879369115862975
2020-06-23,-0.01823879700385911
2020-06-24,0.06589260979656308
2020-06-25,-0.036220092234224066
2020-06-26,0.05962138024135544
2020-06-29,-0.048533325195312504
2020-06-30,-0.04848653384079071
2020-07-01,-0.031222425610315074
2020-07-02,-0.017330486634293374
2020-07-06,-0.0012376521010224462
2020-07-07,0.034386637308780665
2020-07-08,-0.025157237734131477
2020-07-09,0.015668268761425796
2020-07-10,-0.027525705069912476
2020-07-13,0.09611197530117122
2020-07-14,-0.057605065190293736
2020-07-15,-0.02860586537575749
2020-07-16,-0.015499011737939994
2020-07-17,-0.03589418707282466
2020-07-20,-0.04539520767145322
2020-07-21,0.00889497888996349
2020-07-22,-0.011190231477358314
2020-07-23,0.03120712798950409
2020-07-24,0.003325586381264234
2020-07-27,-0.02751076969198374
2020-07-28,-0.005794140266183745
2020-07-29,-0.020569090843346904
2020-07-30,0.022051140176573725
2020-07-31,-0.023287681075640054
2020-08-03,-0.0021038349343602825
2020-08-04,-0.029515048217185202
2020-08-05,-0.020999272486703968
2020-08-06,-0.01109471650338989
2020-08-07,-0.00785336897046185
